{
  "extends": "@nrwl/workspace/presets/npm.json",
  "plugins": [
    "./.nx/plugins/nx-monorepo-plugin.js"
  ],
  "npmScope": "monorepo",
  "tasksRunnerOptions": {
    "default": {
      "runner": "@nrwl/workspace/tasks-runners/default",
      "options": {
        "useDaemonProcess": false,
        "cacheableOperations": [
          "build",
          "test"
        ]
      }
    }
  },
  "implicitDependencies": {},
  "targetDependencies": {
    "build": [
      {
        "target": "build",
        "projects": "dependencies"
      }
    ]
  },
  "affected": {
    "defaultBase": "mainline"
  },
  "//": "~~ Generated by projen. To modify, edit .projenrc.js and run \"npx projen\"."
}
