{
  "dependencies": [
    {
      "name": "@aws-prototyping-sdk/cloudscape-react-ts-website",
      "type": "build"
    },
    {
      "name": "@babel/plugin-proposal-private-property-in-object",
      "type": "build"
    },
    {
      "name": "@testing-library/jest-dom",
      "type": "build"
    },
    {
      "name": "@testing-library/react",
      "type": "build"
    },
    {
      "name": "@testing-library/user-event",
      "type": "build"
    },
    {
      "name": "@types/jest",
      "type": "build"
    },
    {
      "name": "@types/node",
      "version": "^14",
      "type": "build"
    },
    {
      "name": "@types/react",
      "type": "build"
    },
    {
      "name": "@types/react-dom",
      "type": "build"
    },
    {
      "name": "@typescript-eslint/eslint-plugin",
      "version": "^5",
      "type": "build"
    },
    {
      "name": "@typescript-eslint/parser",
      "version": "^5",
      "type": "build"
    },
    {
      "name": "eslint-import-resolver-node",
      "type": "build"
    },
    {
      "name": "eslint-import-resolver-typescript",
      "type": "build"
    },
    {
      "name": "eslint-plugin-import",
      "type": "build"
    },
    {
      "name": "eslint",
      "version": "^8",
      "type": "build"
    },
    {
      "name": "json-schema",
      "type": "build"
    },
    {
      "name": "npm-check-updates",
      "version": "^16",
      "type": "build"
    },
    {
      "name": "projen",
      "type": "build"
    },
    {
      "name": "typescript",
      "version": "^4.0.3",
      "type": "build"
    },
    {
      "name": "@types/express-serve-static-core",
      "version": "4.17.30",
      "type": "override"
    },
    {
      "name": "@types/express",
      "version": "4.17.13",
      "type": "override"
    },
    {
      "name": "@aws-amplify/auth",
      "type": "runtime"
    },
    {
      "name": "@aws-amplify/core",
      "type": "runtime"
    },
    {
      "name": "@aws-amplify/ui-react",
      "type": "runtime"
    },
    {
      "name": "@cloudscape-design/collection-hooks",
      "type": "runtime"
    },
    {
      "name": "@cloudscape-design/components",
      "type": "runtime"
    },
    {
      "name": "@cloudscape-design/global-styles",
      "type": "runtime"
    },
    {
      "name": "aws-amplify",
      "type": "runtime"
    },
    {
      "name": "aws4fetch",
      "type": "runtime"
    },
    {
      "name": "react",
      "type": "runtime"
    },
    {
      "name": "react-dom",
      "type": "runtime"
    },
    {
      "name": "react-qr-code",
      "type": "runtime"
    },
    {
      "name": "react-router-dom",
      "type": "runtime"
    },
    {
      "name": "react-scripts",
      "version": "^5",
      "type": "runtime"
    },
    {
      "name": "web-vitals",
      "type": "runtime"
    }
  ],
  "//": "~~ Generated by projen. To modify, edit .projenrc.js and run \"npx projen\"."
}
