{
  "tasks": {
    "build": {
      "name": "build",
      "description": "Full release build",
      "steps": [
        {
          "spawn": "pre-compile"
        },
        {
          "spawn": "compile"
        },
        {
          "spawn": "post-compile"
        },
        {
          "spawn": "test"
        },
        {
          "spawn": "package"
        }
      ]
    },
    "clobber": {
      "name": "clobber",
      "description": "hard resets to HEAD of origin and cleans the local repo",
      "env": {
        "BRANCH": "$(git branch --show-current)"
      },
      "steps": [
        {
          "exec": "git checkout -b scratch",
          "name": "save current HEAD in \"scratch\" branch"
        },
        {
          "exec": "git checkout $BRANCH"
        },
        {
          "exec": "git fetch origin",
          "name": "fetch latest changes from origin"
        },
        {
          "exec": "git reset --hard origin/$BRANCH",
          "name": "hard reset to origin commit"
        },
        {
          "exec": "git clean -fdx",
          "name": "clean all untracked files"
        },
        {
          "say": "ready to rock! (unpushed commits are under the \"scratch\" branch)"
        }
      ],
      "condition": "git diff --exit-code > /dev/null"
    },
    "compile": {
      "name": "compile",
      "description": "Only compile",
      "steps": [
        {
          "exec": "react-scripts build"
        }
      ]
    },
    "default": {
      "name": "default",
      "description": "Synthesize project files"
    },
    "dev": {
      "name": "dev",
      "description": "Starts the react application",
      "steps": [
        {
          "exec": "react-scripts start"
        }
      ]
    },
    "eject": {
      "name": "eject",
      "description": "Remove projen from the project",
      "env": {
        "PROJEN_EJECTING": "true"
      },
      "steps": [
        {
          "spawn": "default"
        }
      ]
    },
    "eslint": {
      "name": "eslint",
      "description": "Runs eslint against the codebase",
      "steps": [
        {
          "exec": "eslint --ext .ts,.tsx --fix --no-error-on-unmatched-pattern src test build-tools .projenrc.js"
        }
      ]
    },
    "package": {
      "name": "package",
      "description": "Creates the distribution package"
    },
    "post-compile": {
      "name": "post-compile",
      "description": "Runs after successful compilation"
    },
    "post-upgrade": {
      "name": "post-upgrade",
      "description": "Runs after upgrading dependencies"
    },
    "pre-compile": {
      "name": "pre-compile",
      "description": "Prepare the project for compilation"
    },
    "test": {
      "name": "test",
      "description": "Run tests",
      "steps": [
        {
          "spawn": "eslint"
        },
        {
          "exec": "react-scripts test --watchAll=false --passWithNoTests"
        }
      ]
    },
    "upgrade": {
      "name": "upgrade",
      "description": "upgrade dependencies",
      "env": {
        "CI": "0"
      },
      "steps": [
        {
          "exec": "yarn upgrade npm-check-updates"
        },
        {
          "exec": "npm-check-updates --dep dev --upgrade --target=minor"
        },
        {
          "exec": "npm-check-updates --dep optional --upgrade --target=minor"
        },
        {
          "exec": "npm-check-updates --dep peer --upgrade --target=minor"
        },
        {
          "exec": "npm-check-updates --dep prod --upgrade --target=minor"
        },
        {
          "exec": "npm-check-updates --dep bundle --upgrade --target=minor"
        },
        {
          "exec": "yarn install --check-files"
        },
        {
          "exec": "yarn upgrade"
        },
        {
          "exec": "npx projen"
        },
        {
          "spawn": "post-upgrade"
        }
      ]
    },
    "watch": {
      "name": "watch",
      "description": "Watch & compile in the background",
      "steps": [
        {
          "exec": "tsc --build -w"
        }
      ]
    }
  },
  "env": {
    "PATH": "$(npx -c \"node -e \\\"console.log(process.env.PATH)\\\"\")"
  },
  "//": "~~ Generated by projen. To modify, edit .projenrc.js and run \"npx projen\"."
}
