{
  "dependencies": [
    {
      "name": "@aws-prototyping-sdk/cloudscape-react-ts-website",
      "type": "build"
    },
    {
      "name": "@nrwl/cli",
      "type": "build"
    },
    {
      "name": "@nrwl/workspace",
      "type": "build"
    },
    {
      "name": "@types/node",
      "version": "^14",
      "type": "build"
    },
    {
      "name": "@typescript-eslint/eslint-plugin",
      "version": "^5",
      "type": "build"
    },
    {
      "name": "@typescript-eslint/parser",
      "version": "^5",
      "type": "build"
    },
    {
      "name": "aws-prototyping-sdk",
      "type": "build"
    },
    {
      "name": "eslint-config-prettier",
      "type": "build"
    },
    {
      "name": "eslint-import-resolver-node",
      "type": "build"
    },
    {
      "name": "eslint-import-resolver-typescript",
      "type": "build"
    },
    {
      "name": "eslint-plugin-import",
      "type": "build"
    },
    {
      "name": "eslint-plugin-prettier",
      "type": "build"
    },
    {
      "name": "eslint",
      "version": "^8",
      "type": "build"
    },
    {
      "name": "json-schema",
      "type": "build"
    },
    {
      "name": "npm-check-updates",
      "type": "build"
    },
    {
      "name": "prettier",
      "type": "build"
    },
    {
      "name": "projen",
      "type": "build"
    },
    {
      "name": "syncpack",
      "type": "build"
    },
    {
      "name": "ts-node",
      "type": "build"
    },
    {
      "name": "typescript",
      "type": "build"
    },
    {
      "name": "@types/babel__traverse",
      "version": "7.18.2",
      "type": "override"
    },
    {
      "name": "aws-cdk-lib",
      "type": "runtime"
    },
    {
      "name": "cdk-nag",
      "type": "runtime"
    },
    {
      "name": "constructs",
      "type": "runtime"
    }
  ],
  "//": "~~ Generated by projen. To modify, edit .projenrc.js and run \"npx projen\"."
}
