{
  "dependencies": [
    {
      "name": "@types/jest",
      "type": "build"
    },
    {
      "name": "@types/node",
      "version": "^14",
      "type": "build"
    },
    {
      "name": "@typescript-eslint/eslint-plugin",
      "version": "^5",
      "type": "build"
    },
    {
      "name": "@typescript-eslint/parser",
      "version": "^5",
      "type": "build"
    },
    {
      "name": "aws-cdk",
      "version": "^2.0.0",
      "type": "build"
    },
    {
      "name": "esbuild",
      "type": "build"
    },
    {
      "name": "eslint-config-prettier",
      "type": "build"
    },
    {
      "name": "eslint-import-resolver-node",
      "type": "build"
    },
    {
      "name": "eslint-import-resolver-typescript",
      "type": "build"
    },
    {
      "name": "eslint-plugin-import",
      "type": "build"
    },
    {
      "name": "eslint-plugin-prettier",
      "type": "build"
    },
    {
      "name": "eslint",
      "version": "^8",
      "type": "build"
    },
    {
      "name": "jest",
      "type": "build"
    },
    {
      "name": "jest-junit",
      "version": "^13",
      "type": "build"
    },
    {
      "name": "json-schema",
      "type": "build"
    },
    {
      "name": "npm-check-updates",
      "version": "^16",
      "type": "build"
    },
    {
      "name": "prettier",
      "type": "build"
    },
    {
      "name": "projen",
      "type": "build"
    },
    {
      "name": "ts-jest",
      "type": "build"
    },
    {
      "name": "ts-node",
      "type": "build"
    },
    {
      "name": "typescript",
      "type": "build"
    },
    {
      "name": "@aws-cdk/aws-cognito-identitypool-alpha",
      "type": "runtime"
    },
    {
      "name": "@aws-cdk/aws-lambda-python-alpha",
      "type": "runtime"
    },
    {
      "name": "@aws-prototyping-sdk/identity",
      "type": "runtime"
    },
    {
      "name": "@aws-prototyping-sdk/static-website",
      "type": "runtime"
    },
    {
      "name": "aws-cdk-lib",
      "version": "^2.0.0",
      "type": "runtime"
    },
    {
      "name": "aws-prototyping-sdk",
      "type": "runtime"
    },
    {
      "name": "cdk-lambda-powertools-python-layer",
      "type": "runtime"
    },
    {
      "name": "cdk-nag",
      "type": "runtime"
    },
    {
      "name": "constructs",
      "version": "^10.0.5",
      "type": "runtime"
    }
  ],
  "//": "~~ Generated by projen. To modify, edit .projenrc.js and run \"npx projen\"."
}
