{
  "repositoryName": "enablr",
  "sonarqubeScannerConfig": {
    "sonarqubeEndpoint": "https://www.dev.sonar.qube.aws-prototyping.cloud",
    "sonarqubeAuthorizedGroup": "aws-apj-anz-prototyping",
    "sonarqubeDefaultProfileOrGateName": "prototyping-default",
    "sonarqubeSpecificProfileOrGateName": "prototyping-apj-anz",
    "sonarqubeProjectName": "enablr",
    "sonarqubeTags": ["pdk", "apj", "anz", "PE-IKKNX90DX2"],
    "excludeGlobsForScan": [
      "**/enablr_flutter_application/**",
      "**/cdk.out/**"
    ],
    "preArchiveCommands": [
      "cd packages/infra && cat cdk.context.json | jq 'del(.sonarqubeScannerConfig)' > cdk.context.json"
    ]
  }
}
